OC;Columna1
Contrato 1592;arriendo
Contrato 1592;arriendo
Contrato 1592;arriendo
Contrato 1592;arriendo
Contrato 1592;arriendo
Contrato 1592;arriendo
Contrato 1592;arriendo
Contrato 1592;arriendo
Contrato 1592;arriendo
Contrato 1592;arriendo
Contrato 1592;arriendo
Contrato 1592;arriendo
Contrato 1592;arriendo
Contrato 1592;arriendo
Contrato 1592;arriendo
Contrato 1592;arriendo
Contrato 1592;arriendo
Contrato 1592;arriendo
Contrato 1592;arriendo
Contrato 1592;arriendo
Contrato 1592;arriendo
Contrato 1592;arriendo
Contrato 1592;arriendo
Contrato 1592;arriendo
Contrato 1592;arriendo
Contrato 1592;arriendo
Contrato 1592;arriendo
Contrato 1592;arriendo
Contrato 1592;arriendo
Contrato 1592;arriendo
Contrato 1592;arriendo
Contrato 1592;arriendo
Contrato 1592;arriendo
Contrato 1592;arriendo
Contrato 1592;arriendo
Contrato 1592;arriendo
Contrato 1592;arriendo
Contrato 1592;arriendo
Contrato 1592;arriendo
Contrato 1592;arriendo
Contrato 1592;arriendo
Contrato 1592;arriendo
Contrato 1592;arriendo
Contrato 1592;arriendo
Contrato 1592;arriendo
Contrato 1592;arriendo
Contrato 1592;arriendo
Contrato 1592;arriendo
Contrato 1592;arriendo
Contrato 1592;arriendo
Contrato 1592;arriendo
Contrato 1592;arriendo
Contrato 1592;arriendo
Contrato 1592;arriendo
Contrato 1592;arriendo
Contrato 1592;arriendo
Contrato 1592;arriendo
Contrato 1592;arriendo
Contrato 1592;arriendo
Contrato 1592;arriendo
Contrato 1592;arriendo
Contrato 1592;arriendo
Contrato 1592;arriendo
Contrato 1592;arriendo
Contrato 1592;arriendo
Contrato 1592;arriendo
Contrato 1592;arriendo
Contrato 1592;arriendo
Contrato 1592;arriendo
Contrato 1592;arriendo
Contrato 1592;arriendo
Contrato 1592;arriendo
Contrato 1592;arriendo
Contrato 1592;arriendo
Contrato 1592;arriendo
Contrato 1592;arriendo
Contrato 1592;arriendo
Contrato 1592;arriendo
Contrato 1592;arriendo
Contrato 1592;arriendo
Contrato 1592;arriendo
Contrato 1592;arriendo
Contrato 1592;arriendo
Contrato 1592;arriendo
Contrato 1592;arriendo
Contrato 1592;arriendo
Contrato 1592;arriendo
Contrato 1592;arriendo
Contrato 1592;arriendo
Contrato 1592;arriendo
Contrato 1592;arriendo
Contrato 1592;arriendo
Contrato 1592;arriendo
Contrato 1592;arriendo
Contrato 1592;arriendo
Contrato 1592;arriendo
Contrato 1592;arriendo
Contrato 1592;arriendo
Contrato 1592;arriendo
Contrato 1592;arriendo
Contrato 1592;arriendo
Contrato 1592;arriendo
Contrato 1592;arriendo
Contrato 1592;arriendo
Contrato 1592;arriendo
Contrato 1592;arriendo
Contrato 1592;arriendo
Contrato 1592;arriendo
Contrato 1592;arriendo
Contrato 1592;arriendo
Contrato 1592;arriendo
Contrato 1592;arriendo
Contrato 1592;arriendo
Contrato 1592;arriendo
Contrato 1592;arriendo
Contrato 1592;arriendo
Contrato 1592;arriendo
Contrato 1592;arriendo
Contrato 1592;arriendo
Contrato 1592;arriendo
Contrato 1592;arriendo
Contrato 1592;arriendo
Contrato 1592;arriendo
Contrato 1592;arriendo
Contrato 1592;arriendo
Contrato 1592;arriendo
Contrato 1592;arriendo
Contrato 1592;arriendo
Contrato 1592;arriendo
Contrato 1592;arriendo
Contrato 1592;arriendo
Contrato 1592;arriendo
Contrato 1592;arriendo
Contrato 1592;arriendo
Contrato 1592;arriendo
Contrato 1592;arriendo
Contrato 1592;arriendo
Contrato 1592;arriendo
Contrato 1592;arriendo
Contrato 1592;arriendo
Contrato 1592;arriendo
Contrato 1592;arriendo
Contrato 1592;arriendo
Contrato 1592;arriendo
Contrato 1592;arriendo
Contrato 1592;arriendo
Contrato 1592;arriendo
Contrato 1592;arriendo
Contrato 1592;arriendo
Contrato 1592;arriendo
Contrato 1592;arriendo
Contrato 1592;arriendo
Contrato 1592;arriendo
Contrato 1592;arriendo
Contrato 1592;arriendo
Contrato 1592;arriendo
Contrato 1592;arriendo
Contrato 1592;arriendo
Contrato 1592;arriendo
Contrato 1592;arriendo
Contrato 1592;arriendo
Contrato 1592;arriendo
Contrato 1592;arriendo
Contrato 1592;arriendo
Contrato 1592;arriendo
Contrato 1592;arriendo
Contrato 1592;arriendo
Contrato 1592;arriendo
Contrato 1592;arriendo
Contrato 1592;arriendo
Contrato 1592;arriendo
Contrato 1592;arriendo
Contrato 1592;arriendo
Contrato 1592;arriendo
Contrato 1592;arriendo
Contrato 1592;arriendo
Contrato 1592;arriendo
Contrato 1592;arriendo
Contrato 1592;arriendo
Contrato 1592;arriendo
Contrato 1592;arriendo
Contrato 1592;arriendo
Contrato 1592;arriendo
Contrato 1592;arriendo
Contrato 1592;arriendo
Contrato 1592;arriendo
Contrato 1592;arriendo
Contrato 1592;arriendo
Contrato 1592;arriendo
Contrato 1592;arriendo
Contrato 1592;arriendo
Contrato 1592;arriendo
Contrato 1592;arriendo
Contrato 1592;arriendo
Contrato 1592;arriendo
Contrato 1592;arriendo
Contrato 1592;arriendo
Contrato 1592;arriendo
Contrato 1592;arriendo
Contrato 1592;arriendo
Contrato 1592;arriendo
Contrato 1592;arriendo
Contrato 1592;arriendo
Contrato 1592;arriendo
Contrato 1592;arriendo
Contrato 1592;arriendo
Contrato 1592;arriendo
Contrato 1592;arriendo
Contrato 1592;arriendo
